{"draw-circle": {"acceleration_x": [-85.31358, -69.10149, -52.8894, -36.677310000000006, -20.465220000000002, -4.253129999999999, 11.95895999999999, 28.171049999999994, 44.38314, 60.59522999999999, 76.80732], "acceleration_y": [-67.50012, -52.41415061338233, -37.32818122676468, -22.24221184014702, -7.156242453529359, 7.929726933088304, 23.015696319705953, 38.101665706323615, 53.18763509294128, 68.27360447955893, 83.3595738661766], "acceleration_z": [-79.38169, -63.71720800000001, -48.05272600000001, -32.388244, -16.723762, -1.059280000000001, 14.605202000000006, 30.269683999999998, 45.934166000000005, 61.59864800000001, 77.26313], "rotation_alpha": [-1609.77483, -1249.683847, -889.5928640000001, -529.5018810000001, -169.4108980000001, 190.68008499999996, 550.7710679999998, 910.8620509999998, 1270.953034, 1631.044017, 1991.135], "rotation_beta": [-1976.33043, -1587.501967, -1198.6735039999999, -809.845041, -421.016578, -32.188114999999925, 356.6403479999999, 745.4688110000002, 1134.297274, 1523.1257369999998, 1911.9542], "rotation_gamma": [-1779.89845, -1428.547727, -1077.1970039999999, -725.8462809999999, -374.49555799999985, -23.14483499999983, 328.2058880000002, 679.5566110000002, 1030.9073340000002, 1382.2580570000002, 1733.60878]}, "draw-triangle": {"acceleration_x": [-85.31358, -69.10149, -52.8894, -36.677310000000006, -20.465220000000002, -4.253129999999999, 11.95895999999999, 28.171049999999994, 44.38314, 60.59522999999999, 76.80732], "acceleration_y": [-67.50012, -52.41415061338233, -37.32818122676468, -22.24221184014702, -7.156242453529359, 7.929726933088304, 23.015696319705953, 38.101665706323615, 53.18763509294128, 68.27360447955893, 83.3595738661766], "acceleration_z": [-79.38169, -63.71720800000001, -48.05272600000001, -32.388244, -16.723762, -1.059280000000001, 14.605202000000006, 30.269683999999998, 45.934166000000005, 61.59864800000001, 77.26313], "rotation_alpha": [-1609.77483, -1249.683847, -889.5928640000001, -529.5018810000001, -169.4108980000001, 190.68008499999996, 550.7710679999998, 910.8620509999998, 1270.953034, 1631.044017, 1991.135], "rotation_beta": [-1976.33043, -1587.501967, -1198.6735039999999, -809.845041, -421.016578, -32.188114999999925, 356.6403479999999, 745.4688110000002, 1134.297274, 1523.1257369999998, 1911.9542], "rotation_gamma": [-1779.89845, -1428.547727, -1077.1970039999999, -725.8462809999999, -374.49555799999985, -23.14483499999983, 328.2058880000002, 679.5566110000002, 1030.9073340000002, 1382.2580570000002, 1733.60878]}, "fever": {"acceleration_x": [-85.31358, -69.10149, -52.8894, -36.677310000000006, -20.465220000000002, -4.253129999999999, 11.95895999999999, 28.171049999999994, 44.38314, 60.59522999999999, 76.80732], "acceleration_y": [-67.50012, -52.41415061338233, -37.32818122676468, -22.24221184014702, -7.156242453529359, 7.929726933088304, 23.015696319705953, 38.101665706323615, 53.18763509294128, 68.27360447955893, 83.3595738661766], "acceleration_z": [-79.38169, -63.71720800000001, -48.05272600000001, -32.388244, -16.723762, -1.059280000000001, 14.605202000000006, 30.269683999999998, 45.934166000000005, 61.59864800000001, 77.26313], "rotation_alpha": [-1609.77483, -1249.683847, -889.5928640000001, -529.5018810000001, -169.4108980000001, 190.68008499999996, 550.7710679999998, 910.8620509999998, 1270.953034, 1631.044017, 1991.135], "rotation_beta": [-1976.33043, -1587.501967, -1198.6735039999999, -809.845041, -421.016578, -32.188114999999925, 356.6403479999999, 745.4688110000002, 1134.297274, 1523.1257369999998, 1911.9542], "rotation_gamma": [-1779.89845, -1428.547727, -1077.1970039999999, -725.8462809999999, -374.49555799999985, -23.14483499999983, 328.2058880000002, 679.5566110000002, 1030.9073340000002, 1382.2580570000002, 1733.60878]}, "floss": {"acceleration_x": [-85.31358, -69.10149, -52.8894, -36.677310000000006, -20.465220000000002, -4.253129999999999, 11.95895999999999, 28.171049999999994, 44.38314, 60.59522999999999, 76.80732], "acceleration_y": [-67.50012, -52.41415061338233, -37.32818122676468, -22.24221184014702, -7.156242453529359, 7.929726933088304, 23.015696319705953, 38.101665706323615, 53.18763509294128, 68.27360447955893, 83.3595738661766], "acceleration_z": [-79.38169, -63.71720800000001, -48.05272600000001, -32.388244, -16.723762, -1.059280000000001, 14.605202000000006, 30.269683999999998, 45.934166000000005, 61.59864800000001, 77.26313], "rotation_alpha": [-1609.77483, -1249.683847, -889.5928640000001, -529.5018810000001, -169.4108980000001, 190.68008499999996, 550.7710679999998, 910.8620509999998, 1270.953034, 1631.044017, 1991.135], "rotation_beta": [-1976.33043, -1587.501967, -1198.6735039999999, -809.845041, -421.016578, -32.188114999999925, 356.6403479999999, 745.4688110000002, 1134.297274, 1523.1257369999998, 1911.9542], "rotation_gamma": [-1779.89845, -1428.547727, -1077.1970039999999, -725.8462809999999, -374.49555799999985, -23.14483499999983, 328.2058880000002, 679.5566110000002, 1030.9073340000002, 1382.2580570000002, 1733.60878]}, "roll": {"acceleration_x": [-85.31358, -69.10149, -52.8894, -36.677310000000006, -20.465220000000002, -4.253129999999999, 11.95895999999999, 28.171049999999994, 44.38314, 60.59522999999999, 76.80732], "acceleration_y": [-67.50012, -52.41415061338233, -37.32818122676468, -22.24221184014702, -7.156242453529359, 7.929726933088304, 23.015696319705953, 38.101665706323615, 53.18763509294128, 68.27360447955893, 83.3595738661766], "acceleration_z": [-79.38169, -63.71720800000001, -48.05272600000001, -32.388244, -16.723762, -1.059280000000001, 14.605202000000006, 30.269683999999998, 45.934166000000005, 61.59864800000001, 77.26313], "rotation_alpha": [-1609.77483, -1249.683847, -889.5928640000001, -529.5018810000001, -169.4108980000001, 190.68008499999996, 550.7710679999998, 910.8620509999998, 1270.953034, 1631.044017, 1991.135], "rotation_beta": [-1976.33043, -1587.501967, -1198.6735039999999, -809.845041, -421.016578, -32.188114999999925, 356.6403479999999, 745.4688110000002, 1134.297274, 1523.1257369999998, 1911.9542], "rotation_gamma": [-1779.89845, -1428.547727, -1077.1970039999999, -725.8462809999999, -374.49555799999985, -23.14483499999983, 328.2058880000002, 679.5566110000002, 1030.9073340000002, 1382.2580570000002, 1733.60878]}, "shake": {"acceleration_x": [-85.31358, -69.10149, -52.8894, -36.677310000000006, -20.465220000000002, -4.253129999999999, 11.95895999999999, 28.171049999999994, 44.38314, 60.59522999999999, 76.80732], "acceleration_y": [-67.50012, -52.41415061338233, -37.32818122676468, -22.24221184014702, -7.156242453529359, 7.929726933088304, 23.015696319705953, 38.101665706323615, 53.18763509294128, 68.27360447955893, 83.3595738661766], "acceleration_z": [-79.38169, -63.71720800000001, -48.05272600000001, -32.388244, -16.723762, -1.059280000000001, 14.605202000000006, 30.269683999999998, 45.934166000000005, 61.59864800000001, 77.26313], "rotation_alpha": [-1609.77483, -1249.683847, -889.5928640000001, -529.5018810000001, -169.4108980000001, 190.68008499999996, 550.7710679999998, 910.8620509999998, 1270.953034, 1631.044017, 1991.135], "rotation_beta": [-1976.33043, -1587.501967, -1198.6735039999999, -809.845041, -421.016578, -32.188114999999925, 356.6403479999999, 745.4688110000002, 1134.297274, 1523.1257369999998, 1911.9542], "rotation_gamma": [-1779.89845, -1428.547727, -1077.1970039999999, -725.8462809999999, -374.49555799999985, -23.14483499999983, 328.2058880000002, 679.5566110000002, 1030.9073340000002, 1382.2580570000002, 1733.60878]}, "draw-cross": {"acceleration_x": [-85.31358, -69.10149, -52.8894, -36.677310000000006, -20.465220000000002, -4.253129999999999, 11.95895999999999, 28.171049999999994, 44.38314, 60.59522999999999, 76.80732], "acceleration_y": [-67.50012, -52.41415061338233, -37.32818122676468, -22.24221184014702, -7.156242453529359, 7.929726933088304, 23.015696319705953, 38.101665706323615, 53.18763509294128, 68.27360447955893, 83.3595738661766],