{"draw-circle": {"acceleration_x": [-58.78755, -49.93897, -41.09039, -32.24181, -23.393229999999996, -14.544649999999997, -5.696069999999992, 3.1525100000000137, 12.001090000000012, 20.84967000000001, 29.69825], "acceleration_y": [-31.98898, -24.012115, -16.035249999999998, -8.058384999999998, -0.0815199999999976, 7.8953450000000025, 15.872210000000006, 23.849075000000003, 31.825940000000006, 39.802805000000006, 47.77967], "acceleration_z": [-41.30958, -32.451403, -23.593225999999994, -14.735048999999993, -5.876871999999992, 2.981305000000006, 11.839482000000011, 20.697659000000016, 29.555836000000014, 38.41401300000001, 47.27219], "rotation_alpha": [-977.24522, -767.55603, -557.86684, -348.1776500000001, -138.48846000000003, 71.20073000000002, 280.88991999999985, 490.5791099999999, 700.2683, 909.95749, 1119.64668], "rotation_beta": [-1168.43314, -957.2003050000001, -745.96747, -534.734635, -323.5018, -112.26896499999998, 98.96387000000004, 310.19670500000007, 521.4295400000001, 732.6623750000001, 943.89521], "rotation_gamma": [-1049.97591, -845.9168400000001, -641.8577700000001, -437.79870000000005, -233.73963000000003, -29.680560000000014, 174.37851, 378.43758, 582.49665, 786.5557200000001, 990.61479]}, "draw-triangle": {"acceleration_x": [-48.27837, -39.92549700000001, -31.572624000000005, -23.219751000000006, -14.866878000000007, -6.5140050000000045, 1.8388679999999908, 10.191740999999986, 18.54461399999999, 26.89748699999999, 35.25036], "acceleration_y": [-49.47246, -40.150706, -30.828951999999997, -21.507197999999995, -12.185443999999997, -2.8636899999999983, 6.458064000000007, 15.779818000000006, 25.101572000000004, 34.423326, 43.74508], "acceleration_z": [-42.58463, -30.599853999999997, -18.615077999999997, -6.630301999999993, 5.354474000000003, 17.33925, 29.32402600000001, 41.30880200000001, 53.293578000000004, 65.27835400000001, 77.26313], "rotation_alpha": [-708.60863, -578.94098, -449.27332999999993, -319.6056799999999, -189.9380299999999, -60.27037999999993, 69.39727000000016, 199.06492000000014, 328.7325700000001, 458.4002200000002, 588.06787], "rotation_beta": [-972.25863, -794.7466420000001, -617.234654, -439.7226659999999, -262.2106779999999, -84.69868999999994, 92.81329800000026, 270.32528600000023, 447.8372740000002, 625.3492620000002, 802.86125], "rotation_gamma": [-845.61184, -680.188675, -514.76551, -349.342345, -183.91917999999998, -18.496014999999943, 146.92714999999998, 312.35031500000014, 477.77348000000006, 643.196645, 808.61981]}, "fever": {"acceleration_x": [-70.77579, -57.968063, -45.160336, -32.352609, -19.544882, -6.737155000000001, 6.0705719999999985, 18.878299, 31.686026, 44.493753, 57.30148], "acceleration_y": [-63.22018, -50.749914, -38.279647999999995, -25.809382, -13.339115999999997, -0.8688499999999948, 11.601416, 24.07168200000001, 36.541948000000005, 49.012214, 61.48248], "acceleration_z": [-73.24599, -59.40469100000001, -45.56339200000001, -31.722093, -17.880794, -4.039495000000002, 9.801804000000004, 23.643102999999996, 37.484402, 51.32570100000001, 65.167], "rotation_alpha": [-1182.03767, -938.792187, -695.546704, -452.30122099999994, -209.05573800000002, 34.1897449999999, 277.43522800000005, 520.680711, 763.9261939999999, 1007.171677, 1250.41716], "rotation_beta": [-931.63146, -718.3500609999999, -505.0686619999999, -291.7872629999998, -78.50586399999986, 134.7755350000001, 348.0569340000003, 561.3383330000003, 774.6197320000002, 987.9011310000002, 1201.18253], "rotation_gamma": [-807.2906, -630.996844, -454.70308800000004, -278.40933200000006, -102.11557600000003, 74.17818, 250.4719359999999, 426.76569199999994, 603.059448, 779.353204, 955.64696]}, "floss": {"acceleration_x": [-85.31358, -69.10149, -52.8894, -36.677310000000006, -20.465220000000002, -4.253129999999999, 11.95895999999999, 28.171049999999994, 44.38314, 60.59522999999999, 76.80732], "acceleration_y": [-57.44445, -44.101882, -30.759314000000003, -17.416746000000003, -4.074178000000003, 9.268389999999997, 22.610957999999997, 35.953526, 49.296094, 62.638662, 75.98123], "acceleration_z": [-63.69453, -52.163352, -40.632174, -29.100995999999995, -17.569817999999998, -6.038640000000001, 5.49253800000001, 17.023716000000007, 28.554894000000004, 40.086072, 51.61725], "rotation_alpha": [-1049.61692, -846.2159839999999, -642.8150479999999, -439.41411199999993, -236.01317599999993, -32.61223999999993, 170.78869600000007, 374.1896320000001, 577.5905680000001, 780.9915040000001, 984.39244], "rotation_beta": [-894.99941, -687.538026, -480.076642, -272.6152579999999, -65.15387399999997, 142.30750999999998, 349.76889400000016, 557.2302780000001, 764.6916620000001, 972.153046, 1179.61443], "rotation_gamma": [-990.65982, -777.95361, -565.2474, -352.54119000000003, -139.83497999999997, 72.87123000000008, 285.5774399999999, 498.28364999999997, 710.98986, 923.6960700000001, 1136.40228]}, "roll": {"acceleration_x": [-81.37234, -66.687219, -52.002098, -37.316976999999994, -22.631856, -7.946735000000004, 6.7383860000000055, 21.423507, 36.108627999999996, 50.793749000000005, 65.47887], "acceleration_y": [-45.52586, -35.719526, -25.913192, -16.106857999999995, -6.300523999999996, 3.505810000000004, 13.31214400000001, 23.118478000000003, 32.92481200000001, 42.73114600000002, 52.53748], "acceleration_z": [-75.72421, -61.214415, -46.70462, -32.194824999999994, -17.685029999999998, -3.1752350000000007, 11.33456000000001, 25.844355000000007, 40.354150000000004, 54.863945, 69.37374], "rotation_alpha": [-1246.96283, -1009.9737889999999, -772.984748, -535.995707, -299.006666, -62.01762499999995, 174.97141599999986, 411.9604569999999, 648.949498, 885.9385389999998, 1122.92758], "rotation_beta": [-1126.91182, -911.572796, -696.233772, -480.89474800000016, -265.55572400000017, -50.21670000000017, 165.1223239999997, 380.4613479999998, 595.8003719999997, 811.1393959999996, 1026.47842], "rotation_gamma": [-702.73232, -540.7304119999999, -378.72850399999993, -216.72659599999992, -54.7246879999999, 107.27722000000006, 269.2791280000001, 431.2810360000002, 593.2829440000002, 755.2848520000001, 917.28676]}, "shake": {"acceleration_x": [-72.37971, -58.085941000000005, -43.792172, -29.498402999999996, -15.204633999999999, -0.9108650000000011, 13.38290400000001, 27.676673000000008, 41.970442000000006, 56.264211, 70.55798], "acceleration_y": [-67.50012, -55.01218299999999, -42.524246, -30.036309000000003, -17.548372, -5.060434999999998, 7.42750199999999, 19.915438999999992, 32.403375999999994, 44.891313, 57.37925], "acceleration_z": [-79.38169, -66.277214, -53.17273800000001, -40.068262000000004, -26.963786000000006, -13.859310000000008, -0.7548340000000024, 12.349641999999989, 25.454117999999994, 38.558594, 51.66307], "rotation_alpha": [-1609.77483, -1249.683847, -889.5928640000001, -529.5018810000001, -169.4108980000001, 190.68008499999996, 550.7710679999998, 910.8620509999998, 1270.953034, 1631.044017, 1991.135], "rotation_beta": [-1976.33043, -1587.501967, -1198.6735039999999, -809.845041, -421.016578, -32.188114999999925, 356.6403479999999, 745.4688110000002, 1134.297274, 1523.1257369999998, 1911.9542], "rotation_gamma": [-1779.89845, -1428.547727, -1077.1970039999999, -725.8462809999999, -374.49555799999985, -23.14483499999983, 328.2058880000002, 679.5566110000002, 1030.9073340000002, 1382.2580570000002, 1733.60878]}, "draw-cross": {"acceleration_x": [-69.9578149693966, -58.49941974019766, -47.041024510998724, -35.5826292817998, -24.124234052600862, -12.665838823401927, -1.2074435942029993, 10.250951634995943, 21.70934686419487, 33.1677420933938, 44.62613732259273], "acceleration_y": [-57.27629926891326, -43.212711955404274, -29.14912464189529, -15.085537328386309, -1.0219500148773193, 13.04163729863167, 27.105224612140645, 41.168811925649635, 55.232399239158624, 69.29598655266761, 83.3595738661766],